Код;
Наименование;
Иерархия;
Артикул;
Количество;
Цена;
Бренд;
ИмяФайлаИзображения;
Новинка;
HAPPY_МОЛЛОстаток;
ГлобусОстаток;
ЛазурныйОстаток;
ОранжевыйОстаток;
ПассажОстаток;
ТауОстаток;
10 летняя батарея;
Bluetooth;
Барометр\альтиметр;
Браслет;
Будильник;
Включение,отключение звука кнопок;
Водозащита;
Грязеустойчивость;
Дополнительно;
Индикатор приливов и отливов;
Индикатор уровня заряда аккумулятора;
Компас;Материал корпуса;
Мелодия;
Мировое время;
Отображение данных о Луне;
Пол;
Прием радиосигнала точного времени;
Размер корпуса;
Резерв хода;
Сверх яркая подсветка;
Связь со смартфоном;
Скидка;
Солнечная батарея;
Стекло;
Страна бренда;
Страна производитель;
Таймер;
Таймер рыбалки;
Термометр;
Тип механизма;
Ударопрочность;
Устойчивость к воздействию магнитного поля;
Форма корпуса;
Функция поиска телефона;
Функция секундомера;
Хит продаж;
Ход стрелки;
Хронограф;
Циферблат;
Шагомер;
ЦенаСоСкидкой;